{"Bathrooms":0.2927874824,"AreaPerRoom":0.2770096752,"HouseAge":0.1094718617,"Condition_Poor":0.078461126,"Floors":0.0626237246,"Area":0.0528336427,"Location_Rural":0.0524180468,"Condition_Good":0.041081152,"YearBuilt":0.0333132885,"Condition_Excellent":0.0,"Garage_No":0.0,"Condition_Fair":0.0,"Location_Downtown":0.0,"Location_Urban":0.0,"Location_Suburban":0.0,"Bedrooms":0.0,"IsNew":0.0,"TotalRooms":0.0,"Garage_Yes":0.0}