{"AreaPerRoom":0.0761527196,"Location_Suburban":0.0753346607,"Location_Rural":0.0721367598,"Condition_Fair":0.0707514659,"Condition_Excellent":0.0664929301,"TotalRooms":0.0652146563,"Condition_Good":0.0634644777,"YearBuilt":0.0625607148,"Location_Urban":0.0602451228,"Bathrooms":0.0602143332,"Location_Downtown":0.0567426197,"Garage_No":0.0561033227,"Condition_Poor":0.0546368025,"Floors":0.0541872643,"Bedrooms":0.052989848,"Area":0.0527722277,"IsNew":0.0,"HouseAge":0.0,"Garage_Yes":0.0}