{"AreaPerRoom":0.2371242703,"Area":0.2140907882,"YearBuilt":0.1023084053,"HouseAge":0.0996143647,"Bathrooms":0.0428152827,"Bedrooms":0.0415517492,"Floors":0.0411970655,"TotalRooms":0.0392116036,"Location_Rural":0.0214433567,"Location_Urban":0.0213640656,"Location_Suburban":0.0212142867,"Condition_Poor":0.0208261653,"Location_Downtown":0.0198786226,"Condition_Good":0.0196735331,"Condition_Fair":0.0184931564,"Condition_Excellent":0.0158968255,"Garage_No":0.0110501786,"Garage_Yes":0.010199616,"IsNew":0.0020466638}